Date,Time,Draw,Winning Numbers,Bulls Eye Multiplier,Bonus
Date,,,",,,,,,,,,,,,,,,,,,,",,
Time,,,",,,,,,,,,,,,,,,,,,,",,
Draw,,,",,,,,,,,,,,,,,,,,,,",,
Winning,Numbers,,",,,,,,,,,,,,,,,,,,,",,
BullsEye,Multiplier,Bonus8,",,,,,,,,,,,,,,,,,,,",,
6/28/2024,12:36,,",,,,,,,,,,,,,,,,,,,",,
PM,,,",,,,,,,,,,,,,,,,,,,",,
3459624,3,4,"6,8,16,18,19,23,27,38,44,47,48,59,62,64,70,71,76,77,,",,
70,,,",,,,,,,,,,,,,,,,,,,",,
X5,,,",,,,,,,,,,,,,,,,,,,",,
"$45,871",,,",,,,,,,,,,,,,,,,,,,",,
6/28/2024,12:32,,",,,,,,,,,,,,,,,,,,,",,
PM,,,",,,,,,,,,,,,,,,,,,,",,
3459623,5,6,"7,12,18,19,23,25,28,30,43,44,50,51,52,56,63,67,72,77,,",,
12,,,",,,,,,,,,,,,,,,,,,,",,
X1,,,",,,,,,,,,,,,,,,,,,,",,
"$45,827",,,",,,,,,,,,,,,,,,,,,,",,
6/28/2024,12:28,,",,,,,,,,,,,,,,,,,,,",,
PM,,,",,,,,,,,,,,,,,,,,,,",,
3459622,1,10,"11,12,15,16,29,31,36,38,39,52,54,55,60,62,66,70,72,74,,",,
31,,,",,,,,,,,,,,,,,,,,,,",,
X2,,,",,,,,,,,,,,,,,,,,,,",,
"$45,785",,,",,,,,,,,,,,,,,,,,,,",,
6/28/2024,12:24,,",,,,,,,,,,,,,,,,,,,",,
PM,,,",,,,,,,,,,,,,,,,,,,",,
3459621,3,10,"18,21,23,26,32,38,39,47,49,52,55,60,70,72,73,77,78,79,,",,
73,,,",,,,,,,,,,,,,,,,,,,",,
X2,,,",,,,,,,,,,,,,,,,,,,",,
"$45,744",,,",,,,,,,,,,,,,,,,,,,",,
6/28/2024,12:20,,",,,,,,,,,,,,,,,,,,,",,
PM,,,",,,,,,,,,,,,,,,,,,,",,
3459620,5,6,"7,10,14,16,21,23,27,28,29,31,32,45,52,55,64,65,72,79,,",,
23,,,",,,,,,,,,,,,,,,,,,,",,
X3,,,",,,,,,,,,,,,,,,,,,,",,
"$45,703",,,",,,,,,,,,,,,,,,,,,,",,
6/28/2024,12:16,,",,,,,,,,,,,,,,,,,,,",,
PM,,,",,,,,,,,,,,,,,,,,,,",,
3459619,1,3,"4,5,17,20,21,25,28,31,33,36,47,48,57,66,71,72,74,80,,",,
36,,,",,,,,,,,,,,,,,,,,,,",,
X2,,,",,,,,,,,,,,,,,,,,,,",,
"$45,664",,,",,,,,,,,,,,,,,,,,,,",,
6/28/2024,12:12,,",,,,,,,,,,,,,,,,,,,",,
PM,,,",,,,,,,,,,,,,,,,,,,",,
3459618,12,19,"20,21,23,25,33,34,38,44,45,50,54,55,56,59,62,71,73,74,73,",,
X3,,,",,,,,,,,,,,,,,,,,,,",,
"$45,625",,,",,,,,,,,,,,,,,,,,,,",,
6/28/2024,12:08,,",,,,,,,,,,,,,,,,,,,",,
PM,,,",,,,,,,,,,,,,,,,,,,",,
3459617,3,5,"7,12,13,14,19,25,29,38,40,41,58,59,61,64,65,71,75,80,,",,
41,,,",,,,,,,,,,,,,,,,,,,",,
X2,,,",,,,,,,,,,,,,,,,,,,",,
"$45,584",,,",,,,,,,,,,,,,,,,,,,",,
6/28/2024,12:04,,",,,,,,,,,,,,,,,,,,,",,
PM,,,",,,,,,,,,,,,,,,,,,,",,
3459616,3,9,"11,16,24,26,28,31,33,34,42,44,50,53,62,66,73,74,76,79,,",,
34,,,",,,,,,,,,,,,,,,,,,,",,
X2,,,",,,,,,,,,,,,,,,,,,,",,
"$45,542",,,",,,,,,,,,,,,,,,,,,,",,
6/28/2024,12:00,,",,,,,,,,,,,,,,,,,,,",,
PM,,,",,,,,,,,,,,,,,,,,,,",,
3459615,2,3,"8,10,11,15,18,20,27,30,42,43,45,46,49,52,57,60,70,75,,",,
2,,,",,,,,,,,,,,,,,,,,,,",,
X1,,,",,,,,,,,,,,,,,,,,,,",,
"$45,501",,,",,,,,,,,,,,,,,,,,,,",,
6/28/2024,11:56,,",,,,,,,,,,,,,,,,,,,",,
AM,,,",,,,,,,,,,,,,,,,,,,",,
3459614,8,10,"19,20,22,24,32,33,35,39,42,45,52,56,59,64,68,75,76,80,,",,
35,,,",,,,,,,,,,,,,,,,,,,",,
X1,,,",,,,,,,,,,,,,,,,,,,",,
"$45,459",,,",,,,,,,,,,,,,,,,,,,",,
6/28/2024,11:52,,",,,,,,,,,,,,,,,,,,,",,
AM,,,",,,,,,,,,,,,,,,,,,,",,
3459613,2,3,"10,12,13,15,22,23,24,28,33,41,42,51,56,60,74,75,77,79,,",,
74,,,",,,,,,,,,,,,,,,,,,,",,
X3,,,",,,,,,,,,,,,,,,,,,,",,
"$45,418",,,",,,,,,,,,,,,,,,,,,,",,
6/28/2024,11:48,,",,,,,,,,,,,,,,,,,,,",,
AM,,,",,,,,,,,,,,,,,,,,,,",,
3459612,3,4,"5,12,17,20,41,47,48,51,54,56,57,58,60,64,67,75,76,78,,",,
75,,,",,,,,,,,,,,,,,,,,,,",,
X2,,,",,,,,,,,,,,,,,,,,,,",,
"$45,378",,,",,,,,,,,,,,,,,,,,,,",,
6/28/2024,11:44,,",,,,,,,,,,,,,,,,,,,",,
AM,,,",,,,,,,,,,,,,,,,,,,",,
3459611,10,12,"13,16,21,27,29,30,31,32,43,47,51,57,58,60,64,67,71,78,51,",,
X1,,,",,,,,,,,,,,,,,,,,,,",,
"$45,339",,,",,,,,,,,,,,,,,,,,,,",,
6/28/2024,11:40,,",,,,,,,,,,,,,,,,,,,",,
AM,,,",,,,,,,,,,,,,,,,,,,",,
3459610,9,10,"13,14,18,23,24,25,36,37,38,50,51,58,59,68,70,72,76,79,,",,
76,,,",,,,,,,,,,,,,,,,,,,",,
X2,,,",,,,,,,,,,,,,,,,,,,",,
"$45,299",,,",,,,,,,,,,,,,,,,,,,",,
6/28/2024,11:36,,",,,,,,,,,,,,,,,,,,,",,
AM,,,",,,,,,,,,,,,,,,,,,,",,
3459609,1,2,"5,17,18,23,24,26,27,31,33,39,41,46,48,51,55,62,74,75,,",,
1,,,",,,,,,,,,,,,,,,,,,,",,
X5,,,",,,,,,,,,,,,,,,,,,,",,
"$45,252",,,",,,,,,,,,,,,,,,,,,,",,
6/28/2024,11:32,,",,,,,,,,,,,,,,,,,,,",,
AM,,,",,,,,,,,,,,,,,,,,,,",,
3459608,1,6,"23,26,31,32,33,36,41,43,48,49,50,52,53,54,58,62,63,65,,",,
62,,,",,,,,,,,,,,,,,,,,,,",,
X5,,,",,,,,,,,,,,,,,,,,,,",,
"$45,211",,,",,,,,,,,,,,,,,,,,,,",,
6/28/2024,11:28,,",,,,,,,,,,,,,,,,,,,",,
AM,,,",,,,,,,,,,,,,,,,,,,",,
3459607,3,4,"19,27,35,40,44,47,49,50,56,57,62,63,64,67,69,71,74,76,,",,
44,,,",,,,,,,,,,,,,,,,,,,",,
X3,,,",,,,,,,,,,,,,,,,,,,",,
"$45,172",,,",,,,,,,,,,,,,,,,,,,",,
6/28/2024,11:24,,",,,,,,,,,,,,,,,,,,,",,
AM,,,",,,,,,,,,,,,,,,,,,,",,
3459606,1,6,"9,10,16,17,23,27,30,33,36,37,44,45,52,55,67,68,73,74,,",,
44,,,",,,,,,,,,,,,,,,,,,,",,
X1,,,",,,,,,,,,,,,,,,,,,,",,
"$45,132",,,",,,,,,,,,,,,,,,,,,,",,
6/28/2024,11:20,,",,,,,,,,,,,,,,,,,,,",,
AM,,,",,,,,,,,,,,,,,,,,,,",,
3459605,1,2,"5,7,11,13,16,25,26,28,36,39,40,49,50,53,57,59,73,77,,",,
50,,,",,,,,,,,,,,,,,,,,,,",,
X2,,,",,,,,,,,,,,,,,,,,,,",,
"$45,091",,,",,,,,,,,,,,,,,,,,,,",,
6/28/2024,11:16,,",,,,,,,,,,,,,,,,,,,",,
AM,,,",,,,,,,,,,,,,,,,,,,",,
3459604,2,8,"12,18,19,21,22,24,25,26,35,38,48,56,60,66,67,68,71,77,,",,
38,,,",,,,,,,,,,,,,,,,,,,",,
X2,,,",,,,,,,,,,,,,,,,,,,",,
"$45,056",,,",,,,,,,,,,,,,,,,,,,",,
6/28/2024,11:12,,",,,,,,,,,,,,,,,,,,,",,
AM,,,",,,,,,,,,,,,,,,,,,,",,
3459603,4,7,"10,11,12,22,23,27,35,37,38,40,47,51,54,58,59,60,68,71,,",,
10,,,",,,,,,,,,,,,,,,,,,,",,
X1,,,",,,,,,,,,,,,,,,,,,,",,
"$45,022",,,",,,,,,,,,,,,,,,,,,,",,
6/28/2024,11:08,,",,,,,,,,,,,,,,,,,,,",,
AM,,,",,,,,,,,,,,,,,,,,,,",,
3459602,1,5,"8,12,13,19,20,24,25,33,35,40,41,42,52,55,61,62,64,75,,",,
55,,,",,,,,,,,,,,,,,,,,,,",,
X2,,,",,,,,,,,,,,,,,,,,,,",,
"$44,987",,,",,,,,,,,,,,,,,,,,,,",,
6/28/2024,11:04,,",,,,,,,,,,,,,,,,,,,",,
AM,,,",,,,,,,,,,,,,,,,,,,",,
3459601,1,5,"9,11,13,14,16,19,20,34,35,46,50,55,60,64,70,74,75,80,,",,
1,,,",,,,,,,,,,,,,,,,,,,",,
X1,,,",,,,,,,,,,,,,,,,,,,",,
"$44,951",,,",,,,,,,,,,,,,,,,,,,",,
6/28/2024,11:00,,",,,,,,,,,,,,,,,,,,,",,
AM,,,",,,,,,,,,,,,,,,,,,,",,
3459600,3,4,"6,11,17,21,24,30,31,33,34,39,46,48,49,51,61,62,64,77,,",,
24,,,",,,,,,,,,,,,,,,,,,,",,
X1,,,",,,,,,,,,,,,,,,,,,,",,
"$44,918",,,",,,,,,,,,,,,,,,,,,,",,
,,,",,,,,,,,,,,,,,,,,,,",,
Date,,,",,,,,,,,,,,,,,,,,,,",,
Time,,,",,,,,,,,,,,,,,,,,,,",,
Draw,,,",,,,,,,,,,,,,,,,,,,",,
Winning,Numbers,,",,,,,,,,,,,,,,,,,,,",,
BullsEye,Multiplier,Bonus8,",,,,,,,,,,,,,,,,,,,",,
6/28/2024,10:56,,",,,,,,,,,,,,,,,,,,,",,
AM,,,",,,,,,,,,,,,,,,,,,,",,
3459599,2,4,"5,11,23,24,32,37,38,40,41,42,47,48,51,55,56,69,73,77,,",,
51,,,",,,,,,,,,,,,,,,,,,,",,
X1,,,",,,,,,,,,,,,,,,,,,,",,
"$44,883",,,",,,,,,,,,,,,,,,,,,,",,
6/28/2024,10:52,,",,,,,,,,,,,,,,,,,,,",,
AM,,,",,,,,,,,,,,,,,,,,,,",,
3459598,6,8,"11,12,25,26,34,35,36,38,45,46,47,54,63,64,68,71,79,80,,",,
68,,,",,,,,,,,,,,,,,,,,,,",,
X2,,,",,,,,,,,,,,,,,,,,,,",,
"$44,847",,,",,,,,,,,,,,,,,,,,,,",,
6/28/2024,10:48,,",,,,,,,,,,,,,,,,,,,",,
AM,,,",,,,,,,,,,,,,,,,,,,",,
3459597,2,4,"15,16,17,22,27,30,34,36,39,40,49,50,57,64,67,68,78,80,,",,
34,,,",,,,,,,,,,,,,,,,,,,",,
X5,,,",,,,,,,,,,,,,,,,,,,",,
"$44,807",,,",,,,,,,,,,,,,,,,,,,",,
6/28/2024,10:44,,",,,,,,,,,,,,,,,,,,,",,
AM,,,",,,,,,,,,,,,,,,,,,,",,
3459596,5,8,"10,15,16,17,22,26,31,36,37,40,42,46,48,57,64,69,70,73,,",,
31,,,",,,,,,,,,,,,,,,,,,,",,
X1,,,",,,,,,,,,,,,,,,,,,,",,
"$44,775",,,",,,,,,,,,,,,,,,,,,,",,
6/28/2024,10:40,,",,,,,,,,,,,,,,,,,,,",,
AM,,,",,,,,,,,,,,,,,,,,,,",,
3459595,1,2,"5,6,7,9,13,27,28,30,36,44,49,54,58,62,70,76,78,80,,",,
70,,,",,,,,,,,,,,,,,,,,,,",,
X1,,,",,,,,,,,,,,,,,,,,,,",,
"$44,743",,,",,,,,,,,,,,,,,,,,,,",,
6/28/2024,10:36,,",,,,,,,,,,,,,,,,,,,",,
AM,,,",,,,,,,,,,,,,,,,,,,",,
3459594,2,8,"9,10,15,18,21,23,26,35,39,40,43,44,48,50,60,63,64,75,,",,
48,,,",,,,,,,,,,,,,,,,,,,",,
X1,,,",,,,,,,,,,,,,,,,,,,",,
"$44,709",,,",,,,,,,,,,,,,,,,,,,",,
6/28/2024,10:32,,",,,,,,,,,,,,,,,,,,,",,
AM,,,",,,,,,,,,,,,,,,,,,,",,
3459593,3,6,"7,23,26,27,29,40,44,49,51,52,55,56,59,61,62,63,76,77,,",,
52,,,",,,,,,,,,,,,,,,,,,,",,
X3,,,",,,,,,,,,,,,,,,,,,,",,
"$44,677",,,",,,,,,,,,,,,,,,,,,,",,
6/28/2024,10:28,,",,,,,,,,,,,,,,,,,,,",,
AM,,,",,,,,,,,,,,,,,,,,,,",,
3459592,3,6,"13,15,16,19,20,30,38,39,49,51,53,54,60,67,72,73,78,80,,",,
16,,,",,,,,,,,,,,,,,,,,,,",,
X2,,,",,,,,,,,,,,,,,,,,,,",,
"$44,646",,,",,,,,,,,,,,,,,,,,,,",,
6/28/2024,10:24,,",,,,,,,,,,,,,,,,,,,",,
AM,,,",,,,,,,,,,,,,,,,,,,",,
3459591,3,5,"8,11,13,16,25,27,28,31,34,44,52,59,60,62,66,73,74,76,,",,
76,,,",,,,,,,,,,,,,,,,,,,",,
X5,,,",,,,,,,,,,,,,,,,,,,",,
"$44,615",,,",,,,,,,,,,,,,,,,,,,",,
6/28/2024,10:20,,",,,,,,,,,,,,,,,,,,,",,
AM,,,",,,,,,,,,,,,,,,,,,,",,
3459590,6,7,"10,23,24,25,28,30,31,32,34,35,36,39,47,51,64,69,77,80,,",,
47,,,",,,,,,,,,,,,,,,,,,,",,
X3,,,",,,,,,,,,,,,,,,,,,,",,
"$44,583",,,",,,,,,,,,,,,,,,,,,,",,
6/28/2024,10:16,,",,,,,,,,,,,,,,,,,,,",,
AM,,,",,,,,,,,,,,,,,,,,,,",,
3459589,4,9,"19,32,38,43,44,48,49,50,51,53,61,67,68,73,74,76,77,78,,",,
73,,,",,,,,,,,,,,,,,,,,,,",,
X5,,,",,,,,,,,,,,,,,,,,,,",,
"$44,555",,,",,,,,,,,,,,,,,,,,,,",,
6/28/2024,10:12,,",,,,,,,,,,,,,,,,,,,",,
AM,,,",,,,,,,,,,,,,,,,,,,",,
3459588,1,6,"7,8,16,19,20,21,28,31,34,39,41,45,46,48,51,58,65,79,,",,
65,,,",,,,,,,,,,,,,,,,,,,",,
X2,,,",,,,,,,,,,,,,,,,,,,",,
"$44,523",,,",,,,,,,,,,,,,,,,,,,",,
6/28/2024,10:08,,",,,,,,,,,,,,,,,,,,,",,
AM,,,",,,,,,,,,,,,,,,,,,,",,
3459587,3,9,"12,13,16,18,23,27,28,32,41,44,50,60,61,62,65,72,73,75,,",,
41,,,",,,,,,,,,,,,,,,,,,,",,
X5,,,",,,,,,,,,,,,,,,,,,,",,
"$44,494",,,",,,,,,,,,,,,,,,,,,,",,
6/28/2024,10:04,,",,,,,,,,,,,,,,,,,,,",,
AM,,,",,,,,,,,,,,,,,,,,,,",,
3459586,9,13,"16,18,21,23,25,28,30,32,37,38,44,49,54,61,62,67,70,75,,",,
18,,,",,,,,,,,,,,,,,,,,,,",,
X2,,,",,,,,,,,,,,,,,,,,,,",,
"$44,465",,,",,,,,,,,,,,,,,,,,,,",,
6/28/2024,10:00,,",,,,,,,,,,,,,,,,,,,",,
AM,,,",,,,,,,,,,,,,,,,,,,",,
3459585,3,6,"7,10,25,26,30,34,41,43,47,49,50,54,64,67,68,76,77,80,,",,
41,,,",,,,,,,,,,,,,,,,,,,",,
X1,,,",,,,,,,,,,,,,,,,,,,",,
"$44,435",,,",,,,,,,,,,,,,,,,,,,",,
6/28/2024,09:56,,",,,,,,,,,,,,,,,,,,,",,
AM,,,",,,,,,,,,,,,,,,,,,,",,
3459584,2,5,"7,13,21,22,23,26,27,30,31,33,41,51,53,66,67,71,74,79,,",,
27,,,",,,,,,,,,,,,,,,,,,,",,
X1,,,",,,,,,,,,,,,,,,,,,,",,
"$44,403",,,",,,,,,,,,,,,,,,,,,,",,
6/28/2024,09:52,,",,,,,,,,,,,,,,,,,,,",,
AM,,,",,,,,,,,,,,,,,,,,,,",,
3459583,2,14,"15,16,20,23,26,28,30,36,40,43,45,48,50,58,59,61,68,76,,",,
58,,,",,,,,,,,,,,,,,,,,,,",,
X3,,,",,,,,,,,,,,,,,,,,,,",,
"$44,375",,,",,,,,,,,,,,,,,,,,,,",,
6/28/2024,09:48,,",,,,,,,,,,,,,,,,,,,",,
AM,,,",,,,,,,,,,,,,,,,,,,",,
3459582,5,7,"17,19,24,28,31,35,36,39,43,44,46,52,57,61,64,65,72,77,,",,
31,,,",,,,,,,,,,,,,,,,,,,",,
X1,,,",,,,,,,,,,,,,,,,,,,",,
"$44,346",,,",,,,,,,,,,,,,,,,,,,",,
6/28/2024,09:44,,",,,,,,,,,,,,,,,,,,,",,
AM,,,",,,,,,,,,,,,,,,,,,,",,
3459581,7,10,"13,16,23,24,25,35,38,40,42,49,51,54,58,62,66,68,74,75,,",,
51,,,",,,,,,,,,,,,,,,,,,,",,
X2,,,",,,,,,,,,,,,,,,,,,,",,
"$44,318",,,",,,,,,,,,,,,,,,,,,,",,
6/28/2024,09:40,,",,,,,,,,,,,,,,,,,,,",,
AM,,,",,,,,,,,,,,,,,,,,,,",,
3459580,2,16,"19,21,23,24,25,28,32,40,44,47,50,59,60,61,62,66,68,79,,",,
40,,,",,,,,,,,,,,,,,,,,,,",,
X1,,,",,,,,,,,,,,,,,,,,,,",,
"$44,291",,,",,,,,,,,,,,,,,,,,,,",,
6/28/2024,09:36,,",,,,,,,,,,,,,,,,,,,",,
AM,,,",,,,,,,,,,,,,,,,,,,",,
3459579,5,8,"13,22,23,25,29,32,39,43,44,52,59,60,64,65,66,74,75,77,,",,
66,,,",,,,,,,,,,,,,,,,,,,",,
X1,,,",,,,,,,,,,,,,,,,,,,",,
"$44,264",,,",,,,,,,,,,,,,,,,,,,",,
6/28/2024,09:32,,",,,,,,,,,,,,,,,,,,,",,
AM,,,",,,,,,,,,,,,,,,,,,,",,
3459578,6,9,"10,11,16,19,22,30,36,40,43,44,50,54,56,59,65,66,77,79,,",,
59,,,",,,,,,,,,,,,,,,,,,,",,
X3,,,",,,,,,,,,,,,,,,,,,,",,
"$44,238",,,",,,,,,,,,,,,,,,,,,,",,
6/28/2024,09:28,,",,,,,,,,,,,,,,,,,,,",,
AM,,,",,,,,,,,,,,,,,,,,,,",,
3459577,2,8,"9,13,20,21,27,28,39,44,51,58,59,61,65,69,70,71,72,79,,",,
65,,,",,,,,,,,,,,,,,,,,,,",,
X1,,,",,,,,,,,,,,,,,,,,,,",,
"$44,212",,,",,,,,,,,,,,,,,,,,,,",,
6/28/2024,09:24,,",,,,,,,,,,,,,,,,,,,",,
AM,,,",,,,,,,,,,,,,,,,,,,",,
3459576,3,6,"8,9,12,13,19,26,33,40,47,51,54,57,60,62,65,71,72,77,,",,
57,,,",,,,,,,,,,,,,,,,,,,",,
X1,,,",,,,,,,,,,,,,,,,,,,",,
"$44,189",,,",,,,,,,,,,,,,,,,,,,",,
6/28/2024,09:20,,",,,,,,,,,,,,,,,,,,,",,
AM,,,",,,,,,,,,,,,,,,,,,,",,
3459575,17,31,"32,34,35,39,40,41,42,43,44,45,47,50,51,64,69,70,71,76,42,",,
X3,,,",,,,,,,,,,,,,,,,,,,",,
"$44,167",,,",,,,,,,,,,,,,,,,,,,",,
6/28/2024,09:16,,",,,,,,,,,,,,,,,,,,,",,
AM,,,",,,,,,,,,,,,,,,,,,,",,
3459574,11,15,"18,19,22,26,31,32,35,36,40,45,46,55,62,63,65,70,72,73,35,",,
X1,,,",,,,,,,,,,,,,,,,,,,",,
"$44,146",,,",,,,,,,,,,,,,,,,,,,",,
6/28/2024,09:12,,",,,,,,,,,,,,,,,,,,,",,
AM,,,",,,,,,,,,,,,,,,,,,,",,
3459573,3,13,"17,21,22,27,30,31,35,37,41,42,49,54,58,59,68,75,76,78,,",,
17,,,",,,,,,,,,,,,,,,,,,,",,
X2,,,",,,,,,,,,,,,,,,,,,,",,
"$44,124",,,",,,,,,,,,,,,,,,,,,,",,
,,,",,,,,,,,,,,,,,,,,,,",,
Date,,,",,,,,,,,,,,,,,,,,,,",,
Time,,,",,,,,,,,,,,,,,,,,,,",,
Draw,,,",,,,,,,,,,,,,,,,,,,",,
Winning,Numbers,,",,,,,,,,,,,,,,,,,,,",,
BullsEye,Multiplier,Bonus8,",,,,,,,,,,,,,,,,,,,",,
6/28/2024,09:08,,",,,,,,,,,,,,,,,,,,,",,
AM,,,",,,,,,,,,,,,,,,,,,,",,
3459572,5,8,"15,16,24,26,27,30,35,39,42,47,49,53,61,69,74,77,78,79,,",,
49,,,",,,,,,,,,,,,,,,,,,,",,
X2,,,",,,,,,,,,,,,,,,,,,,",,
"$44,103",,,",,,,,,,,,,,,,,,,,,,",,
6/28/2024,09:04,,",,,,,,,,,,,,,,,,,,,",,
AM,,,",,,,,,,,,,,,,,,,,,,",,
3459571,3,4,"5,11,12,17,20,24,32,38,39,42,47,48,52,54,57,63,64,74,,",,
47,,,",,,,,,,,,,,,,,,,,,,",,
X2,,,",,,,,,,,,,,,,,,,,,,",,
"$44,082",,,",,,,,,,,,,,,,,,,,,,",,
6/28/2024,09:00,,",,,,,,,,,,,,,,,,,,,",,
AM,,,",,,,,,,,,,,,,,,,,,,",,
3459570,1,2,"6,11,12,18,21,32,40,41,42,43,47,56,57,58,59,63,76,78,,",,
76,,,",,,,,,,,,,,,,,,,,,,",,
X2,,,",,,,,,,,,,,,,,,,,,,",,
"$44,061",,,",,,,,,,,,,,,,,,,,,,",,
6/28/2024,08:56,,",,,,,,,,,,,,,,,,,,,",,
AM,,,",,,,,,,,,,,,,,,,,,,",,
3459569,4,7,"8,9,18,27,28,29,32,40,49,53,57,58,65,71,75,78,79,80,,",,
79,,,",,,,,,,,,,,,,,,,,,,",,
X2,,,",,,,,,,,,,,,,,,,,,,",,
"$44,041",,,",,,,,,,,,,,,,,,,,,,",,
6/28/2024,08:52,,",,,,,,,,,,,,,,,,,,,",,
AM,,,",,,,,,,,,,,,,,,,,,,",,
3459568,3,5,"8,12,15,21,23,26,34,38,39,43,47,48,53,60,64,75,76,77,,",,
76,,,",,,,,,,,,,,,,,,,,,,",,
X1,,,",,,,,,,,,,,,,,,,,,,",,
"$44,021",,,",,,,,,,,,,,,,,,,,,,",,
6/28/2024,08:48,,",,,,,,,,,,,,,,,,,,,",,
AM,,,",,,,,,,,,,,,,,,,,,,",,
3459567,7,8,"14,18,29,33,35,37,38,47,53,57,59,61,65,67,72,74,77,78,,",,
57,,,",,,,,,,,,,,,,,,,,,,",,
X3,,,",,,,,,,,,,,,,,,,,,,",,
"$44,002",,,",,,,,,,,,,,,,,,,,,,",,
6/28/2024,08:44,,",,,,,,,,,,,,,,,,,,,",,
AM,,,",,,,,,,,,,,,,,,,,,,",,
3459566,4,9,"13,14,23,29,30,31,32,34,36,37,39,44,46,48,52,53,66,68,,",,
34,,,",,,,,,,,,,,,,,,,,,,",,
X1,,,",,,,,,,,,,,,,,,,,,,",,
"$43,982",,,",,,,,,,,,,,,,,,,,,,",,
6/28/2024,08:40,,",,,,,,,,,,,,,,,,,,,",,
AM,,,",,,,,,,,,,,,,,,,,,,",,
3459565,2,7,"10,11,12,19,22,28,34,38,58,61,63,64,66,67,69,73,78,79,,",,
58,,,",,,,,,,,,,,,,,,,,,,",,
X3,,,",,,,,,,,,,,,,,,,,,,",,
"$43,964",,,",,,,,,,,,,,,,,,,,,,",,
6/28/2024,08:36,,",,,,,,,,,,,,,,,,,,,",,
AM,,,",,,,,,,,,,,,,,,,,,,",,
3459564,1,4,"6,16,18,22,23,25,31,38,48,50,55,58,59,61,63,71,76,78,,",,
71,,,",,,,,,,,,,,,,,,,,,,",,
X1,,,",,,,,,,,,,,,,,,,,,,",,
"$43,945",,,",,,,,,,,,,,,,,,,,,,",,
6/28/2024,08:32,,",,,,,,,,,,,,,,,,,,,",,
AM,,,",,,,,,,,,,,,,,,,,,,",,
3459563,4,5,"6,8,12,16,23,24,27,28,30,31,35,39,54,56,57,58,62,66,,",,
24,,,",,,,,,,,,,,,,,,,,,,",,
X1,,,",,,,,,,,,,,,,,,,,,,",,
"$43,926",,,",,,,,,,,,,,,,,,,,,,",,
6/28/2024,08:28,,",,,,,,,,,,,,,,,,,,,",,
AM,,,",,,,,,,,,,,,,,,,,,,",,
3459562,8,15,"24,28,31,32,39,40,47,48,58,59,60,63,64,71,75,77,79,80,,",,
60,,,",,,,,,,,,,,,,,,,,,,",,
X1,,,",,,,,,,,,,,,,,,,,,,",,
"$43,909",,,",,,,,,,,,,,,,,,,,,,",,
6/28/2024,08:24,,",,,,,,,,,,,,,,,,,,,",,
AM,,,",,,,,,,,,,,,,,,,,,,",,
3459561,5,16,"17,18,21,22,24,26,28,34,35,38,43,56,57,64,65,66,69,78,,",,
38,,,",,,,,,,,,,,,,,,,,,,",,
X3,,,",,,,,,,,,,,,,,,,,,,",,
"$43,890",,,",,,,,,,,,,,,,,,,,,,",,
6/28/2024,08:20,,",,,,,,,,,,,,,,,,,,,",,
AM,,,",,,,,,,,,,,,,,,,,,,",,
3459560,2,8,"10,13,15,17,18,27,30,32,45,49,53,55,56,69,71,75,78,80,,",,
75,,,",,,,,,,,,,,,,,,,,,,",,
X3,,,",,,,,,,,,,,,,,,,,,,",,
"$43,872",,,",,,,,,,,,,,,,,,,,,,",,
6/28/2024,08:16,,",,,,,,,,,,,,,,,,,,,",,
AM,,,",,,,,,,,,,,,,,,,,,,",,
3459559,5,12,"17,28,29,30,33,35,42,46,51,55,58,63,69,74,75,77,78,80,,",,
5,,,",,,,,,,,,,,,,,,,,,,",,
X2,,,",,,,,,,,,,,,,,,,,,,",,
"$43,855",,,",,,,,,,,,,,,,,,,,,,",,
6/28/2024,08:12,,",,,,,,,,,,,,,,,,,,,",,
AM,,,",,,,,,,,,,,,,,,,,,,",,
3459558,10,12,"14,15,28,29,30,32,44,45,46,47,53,54,63,68,69,72,74,79,63,",,
X2,,,",,,,,,,,,,,,,,,,,,,",,
"$43,839",,,",,,,,,,,,,,,,,,,,,,",,
6/28/2024,08:08,,",,,,,,,,,,,,,,,,,,,",,
AM,,,",,,,,,,,,,,,,,,,,,,",,
3459557,2,10,"15,19,21,34,37,43,46,50,53,62,67,70,71,73,75,77,78,79,,",,
77,,,",,,,,,,,,,,,,,,,,,,",,
X1,,,",,,,,,,,,,,,,,,,,,,",,
"$43,822",,,",,,,,,,,,,,,,,,,,,,",,
6/28/2024,08:04,,",,,,,,,,,,,,,,,,,,,",,
AM,,,",,,,,,,,,,,,,,,,,,,",,
3459556,6,11,"14,23,25,29,32,39,47,51,55,56,60,62,65,71,74,75,77,80,,",,
65,,,",,,,,,,,,,,,,,,,,,,",,
X3,,,",,,,,,,,,,,,,,,,,,,",,
"$43,807",,,",,,,,,,,,,,,,,,,,,,",,
6/28/2024,08:00,,",,,,,,,,,,,,,,,,,,,",,
AM,,,",,,,,,,,,,,,,,,,,,,",,
3459555,1,3,"7,21,23,25,26,29,32,39,40,41,43,50,52,55,57,62,78,79,,",,
26,,,",,,,,,,,,,,,,,,,,,,",,
X5,,,",,,,,,,,,,,,,,,,,,,",,
"$43,792",,,",,,,,,,,,,,,,,,,,,,",,
6/28/2024,07:56,,",,,,,,,,,,,,,,,,,,,",,
AM,,,",,,,,,,,,,,,,,,,,,,",,
3459554,5,7,"8,13,16,17,19,25,32,33,36,39,41,44,53,64,73,74,75,77,,",,
19,,,",,,,,,,,,,,,,,,,,,,",,
X1,,,",,,,,,,,,,,,,,,,,,,",,
"$43,778",,,",,,,,,,,,,,,,,,,,,,",,
6/28/2024,07:52,,",,,,,,,,,,,,,,,,,,,",,
AM,,,",,,,,,,,,,,,,,,,,,,",,
3459553,2,7,"14,19,28,30,38,46,47,50,52,58,59,60,61,62,64,66,70,74,,",,
64,,,",,,,,,,,,,,,,,,,,,,",,
X2,,,",,,,,,,,,,,,,,,,,,,",,
"$43,765",,,",,,,,,,,,,,,,,,,,,,",,
6/28/2024,07:48,,",,,,,,,,,,,,,,,,,,,",,
AM,,,",,,,,,,,,,,,,,,,,,,",,
3459552,6,11,"13,16,23,27,33,38,41,46,47,48,50,51,53,57,63,66,70,78,,",,
78,,,",,,,,,,,,,,,,,,,,,,",,
X1,,,",,,,,,,,,,,,,,,,,,,",,
"$43,750",,,",,,,,,,,,,,,,,,,,,,",,
6/28/2024,07:44,,",,,,,,,,,,,,,,,,,,,",,
AM,,,",,,,,,,,,,,,,,,,,,,",,
3459551,3,4,"8,12,13,15,17,19,20,22,32,37,39,45,52,63,65,67,74,76,,",,
32,,,",,,,,,,,,,,,,,,,,,,",,
X3,,,",,,,,,,,,,,,,,,,,,,",,
"$43,735",,,",,,,,,,,,,,,,,,,,,,",,
6/28/2024,07:40,,",,,,,,,,,,,,,,,,,,,",,
AM,,,",,,,,,,,,,,,,,,,,,,",,
3459550,1,17,"19,22,23,34,36,37,38,39,40,43,45,51,55,60,62,67,68,76,,",,
19,,,",,,,,,,,,,,,,,,,,,,",,
X1,,,",,,,,,,,,,,,,,,,,,,",,
"$43,721",,,",,,,,,,,,,,,,,,,,,,",,
6/28/2024,07:36,,",,,,,,,,,,,,,,,,,,,",,
AM,,,",,,,,,,,,,,,,,,,,,,",,
3459549,3,7,"9,22,34,36,42,43,45,48,51,52,56,59,63,64,67,69,71,73,,",,
43,,,",,,,,,,,,,,,,,,,,,,",,
X1,,,",,,,,,,,,,,,,,,,,,,",,
"$43,707",,,",,,,,,,,,,,,,,,,,,,",,
6/28/2024,07:32,,",,,,,,,,,,,,,,,,,,,",,
AM,,,",,,,,,,,,,,,,,,,,,,",,
3459548,2,6,"9,12,24,28,35,36,37,38,44,46,47,61,66,68,69,70,71,74,,",,
12,,,",,,,,,,,,,,,,,,,,,,",,
X3,,,",,,,,,,,,,,,,,,,,,,",,
"$43,693",,,",,,,,,,,,,,,,,,,,,,",,
6/28/2024,07:28,,",,,,,,,,,,,,,,,,,,,",,
AM,,,",,,,,,,,,,,,,,,,,,,",,
3459547,3,4,"11,12,14,16,24,26,33,37,47,49,50,54,55,63,64,65,66,72,,",,
24,,,",,,,,,,,,,,,,,,,,,,",,
X1,,,",,,,,,,,,,,,,,,,,,,",,
"$43,679",,,",,,,,,,,,,,,,,,,,,,",,
6/28/2024,07:24,,",,,,,,,,,,,,,,,,,,,",,
AM,,,",,,,,,,,,,,,,,,,,,,",,
3459546,7,9,"13,26,27,30,40,42,46,50,55,58,62,63,65,66,69,73,75,79,,",,
7,,,",,,,,,,,,,,,,,,,,,,",,
X2,,,",,,,,,,,,,,,,,,,,,,",,
"$43,665",,,",,,,,,,,,,,,,,,,,,,",,
,,,",,,,,,,,,,,,,,,,,,,",,
Date,,,",,,,,,,,,,,,,,,,,,,",,
Time,,,",,,,,,,,,,,,,,,,,,,",,
Draw,,,",,,,,,,,,,,,,,,,,,,",,
Winning,Numbers,,",,,,,,,,,,,,,,,,,,,",,
BullsEye,Multiplier,Bonus8,",,,,,,,,,,,,,,,,,,,",,
6/28/2024,07:20,,",,,,,,,,,,,,,,,,,,,",,
AM,,,",,,,,,,,,,,,,,,,,,,",,
3459545,5,15,"24,25,26,30,32,37,43,44,49,52,55,58,62,64,67,72,73,75,,",,
73,,,",,,,,,,,,,,,,,,,,,,",,
X1,,,",,,,,,,,,,,,,,,,,,,",,
"$43,650",,,",,,,,,,,,,,,,,,,,,,",,
6/28/2024,07:16,,",,,,,,,,,,,,,,,,,,,",,
AM,,,",,,,,,,,,,,,,,,,,,,",,
3459544,1,3,"6,8,13,15,20,22,23,29,35,37,42,45,52,54,59,62,68,70,,",,
1,,,",,,,,,,,,,,,,,,,,,,",,
X2,,,",,,,,,,,,,,,,,,,,,,",,
"$43,637",,,",,,,,,,,,,,,,,,,,,,",,
6/28/2024,07:12,,",,,,,,,,,,,,,,,,,,,",,
AM,,,",,,,,,,,,,,,,,,,,,,",,
3459543,4,8,"11,17,19,24,25,27,33,35,39,41,42,44,48,56,57,61,69,80,,",,
48,,,",,,,,,,,,,,,,,,,,,,",,
X2,,,",,,,,,,,,,,,,,,,,,,",,
"$43,624",,,",,,,,,,,,,,,,,,,,,,",,
6/28/2024,07:08,,",,,,,,,,,,,,,,,,,,,",,
AM,,,",,,,,,,,,,,,,,,,,,,",,
3459542,2,10,"13,16,19,26,28,29,35,40,42,44,51,56,57,58,65,70,71,74,,",,
42,,,",,,,,,,,,,,,,,,,,,,",,
X1,,,",,,,,,,,,,,,,,,,,,,",,
"$43,613",,,",,,,,,,,,,,,,,,,,,,",,
6/28/2024,07:04,,",,,,,,,,,,,,,,,,,,,",,
AM,,,",,,,,,,,,,,,,,,,,,,",,
3459541,3,5,"8,16,23,24,25,26,31,35,47,51,53,55,64,65,67,70,73,77,,",,
26,,,",,,,,,,,,,,,,,,,,,,",,
X1,,,",,,,,,,,,,,,,,,,,,,",,
"$43,604",,,",,,,,,,,,,,,,,,,,,,",,
6/28/2024,07:00,,",,,,,,,,,,,,,,,,,,,",,
AM,,,",,,,,,,,,,,,,,,,,,,",,
3459540,4,5,"6,12,15,20,22,24,25,29,32,33,34,36,38,50,54,67,72,73,,",,
24,,,",,,,,,,,,,,,,,,,,,,",,
X1,,,",,,,,,,,,,,,,,,,,,,",,
"$43,597",,,",,,,,,,,,,,,,,,,,,,",,
6/28/2024,06:56,,",,,,,,,,,,,,,,,,,,,",,
AM,,,",,,,,,,,,,,,,,,,,,,",,
3459539,3,10,"13,16,27,29,31,35,36,37,46,52,62,65,68,69,70,75,78,79,,",,
10,,,",,,,,,,,,,,,,,,,,,,",,
X5,,,",,,,,,,,,,,,,,,,,,,",,
"$43,590",,,",,,,,,,,,,,,,,,,,,,",,
6/28/2024,06:52,,",,,,,,,,,,,,,,,,,,,",,
AM,,,",,,,,,,,,,,,,,,,,,,",,
3459538,1,5,"8,9,15,16,21,27,28,33,43,47,50,52,54,61,70,75,78,80,,",,
9,,,",,,,,,,,,,,,,,,,,,,",,
X5,,,",,,,,,,,,,,,,,,,,,,",,
"$43,582",,,",,,,,,,,,,,,,,,,,,,",,
6/28/2024,06:48,,",,,,,,,,,,,,,,,,,,,",,
AM,,,",,,,,,,,,,,,,,,,,,,",,
3459537,7,10,"14,15,18,19,26,28,30,32,36,46,47,65,66,69,73,75,77,79,,",,
14,,,",,,,,,,,,,,,,,,,,,,",,
X2,,,",,,,,,,,,,,,,,,,,,,",,
"$43,575",,,",,,,,,,,,,,,,,,,,,,",,
6/28/2024,06:44,,",,,,,,,,,,,,,,,,,,,",,
AM,,,",,,,,,,,,,,,,,,,,,,",,
3459536,4,7,"9,12,19,20,25,38,45,49,51,54,56,59,62,63,66,67,71,75,,",,
59,,,",,,,,,,,,,,,,,,,,,,",,
X2,,,",,,,,,,,,,,,,,,,,,,",,
"$43,568",,,",,,,,,,,,,,,,,,,,,,",,
6/28/2024,06:40,,",,,,,,,,,,,,,,,,,,,",,
AM,,,",,,,,,,,,,,,,,,,,,,",,
3459535,4,14,"15,17,30,33,35,39,41,43,47,52,56,58,61,66,70,75,76,77,,",,
61,,,",,,,,,,,,,,,,,,,,,,",,
X2,,,",,,,,,,,,,,,,,,,,,,",,
"$43,562",,,",,,,,,,,,,,,,,,,,,,",,
6/28/2024,06:36,,",,,,,,,,,,,,,,,,,,,",,
AM,,,",,,,,,,,,,,,,,,,,,,",,
3459534,1,2,"3,9,16,29,31,35,36,44,47,48,51,52,54,57,60,66,69,70,,",,
29,,,",,,,,,,,,,,,,,,,,,,",,
X1,,,",,,,,,,,,,,,,,,,,,,",,
"$43,555",,,",,,,,,,,,,,,,,,,,,,",,
6/28/2024,06:32,,",,,,,,,,,,,,,,,,,,,",,
AM,,,",,,,,,,,,,,,,,,,,,,",,
3459533,5,7,"11,16,19,27,29,34,37,45,49,57,62,68,69,70,71,75,76,78,,",,
70,,,",,,,,,,,,,,,,,,,,,,",,
X5,,,",,,,,,,,,,,,,,,,,,,",,
"$43,550",,,",,,,,,,,,,,,,,,,,,,",,
6/28/2024,06:28,,",,,,,,,,,,,,,,,,,,,",,
AM,,,",,,,,,,,,,,,,,,,,,,",,
3459532,1,5,"6,7,13,19,20,25,27,28,29,33,39,41,44,45,46,63,68,73,,",,
39,,,",,,,,,,,,,,,,,,,,,,",,
X2,,,",,,,,,,,,,,,,,,,,,,",,
"$43,544",,,",,,,,,,,,,,,,,,,,,,",,
6/28/2024,06:24,,",,,,,,,,,,,,,,,,,,,",,
AM,,,",,,,,,,,,,,,,,,,,,,",,
3459531,8,16,"19,26,27,29,31,34,35,42,43,49,52,57,58,59,64,73,78,80,,",,
29,,,",,,,,,,,,,,,,,,,,,,",,
X5,,,",,,,,,,,,,,,,,,,,,,",,
"$43,539",,,",,,,,,,,,,,,,,,,,,,",,
6/28/2024,06:20,,",,,,,,,,,,,,,,,,,,,",,
AM,,,",,,,,,,,,,,,,,,,,,,",,
3459530,3,5,"12,19,20,25,26,31,32,36,37,39,59,65,67,68,70,73,76,78,,",,
25,,,",,,,,,,,,,,,,,,,,,,",,
X5,,,",,,,,,,,,,,,,,,,,,,",,
"$43,533",,,",,,,,,,,,,,,,,,,,,,",,
6/28/2024,06:16,,",,,,,,,,,,,,,,,,,,,",,
AM,,,",,,,,,,,,,,,,,,,,,,",,
3459529,1,4,"10,11,13,26,28,34,40,47,48,53,54,57,58,61,67,70,75,79,,",,
57,,,",,,,,,,,,,,,,,,,,,,",,
X1,,,",,,,,,,,,,,,,,,,,,,",,
"$43,528",,,",,,,,,,,,,,,,,,,,,,",,
6/28/2024,06:12,,",,,,,,,,,,,,,,,,,,,",,
AM,,,",,,,,,,,,,,,,,,,,,,",,
3459528,7,15,"16,17,20,23,25,26,31,33,38,39,41,47,53,56,68,69,70,78,,",,
41,,,",,,,,,,,,,,,,,,,,,,",,
X1,,,",,,,,,,,,,,,,,,,,,,",,
"$43,522",,,",,,,,,,,,,,,,,,,,,,",,
6/28/2024,06:08,,",,,,,,,,,,,,,,,,,,,",,
AM,,,",,,,,,,,,,,,,,,,,,,",,
3459527,7,11,"12,23,28,35,41,43,44,52,55,56,57,69,71,73,74,76,78,80,,",,
73,,,",,,,,,,,,,,,,,,,,,,",,
X1,,,",,,,,,,,,,,,,,,,,,,",,
"$43,517",,,",,,,,,,,,,,,,,,,,,,",,
6/28/2024,06:04,,",,,,,,,,,,,,,,,,,,,",,
AM,,,",,,,,,,,,,,,,,,,,,,",,
3459526,10,16,"17,20,21,24,25,29,31,33,36,41,43,44,48,61,62,63,68,74,68,",,
X1,,,",,,,,,,,,,,,,,,,,,,",,
"$43,513",,,",,,,,,,,,,,,,,,,,,,",,
6/28/2024,06:00,,",,,,,,,,,,,,,,,,,,,",,
AM,,,",,,,,,,,,,,,,,,,,,,",,
3459525,3,6,"9,10,14,16,19,30,37,41,47,53,58,65,67,69,73,76,77,78,,",,
9,,,",,,,,,,,,,,,,,,,,,,",,
X1,,,",,,,,,,,,,,,,,,,,,,",,
"$43,509",,,",,,,,,,,,,,,,,,,,,,",,
6/28/2024,05:56,,",,,,,,,,,,,,,,,,,,,",,
AM,,,",,,,,,,,,,,,,,,,,,,",,
3459524,6,17,"21,27,29,30,33,37,39,45,46,58,59,62,64,66,68,69,73,76,,",,
30,,,",,,,,,,,,,,,,,,,,,,",,
X1,,,",,,,,,,,,,,,,,,,,,,",,
"$43,505",,,",,,,,,,,,,,,,,,,,,,",,
6/28/2024,05:52,,",,,,,,,,,,,,,,,,,,,",,
AM,,,",,,,,,,,,,,,,,,,,,,",,
3459523,12,17,"18,22,23,28,29,31,35,37,39,44,46,48,50,53,59,62,64,79,79,",,
X2,,,",,,,,,,,,,,,,,,,,,,",,
"$43,501",,,",,,,,,,,,,,,,,,,,,,",,
6/28/2024,05:48,,",,,,,,,,,,,,,,,,,,,",,
AM,,,",,,,,,,,,,,,,,,,,,,",,
3459522,13,14,"17,19,20,21,28,29,31,33,37,38,43,47,50,51,64,68,71,72,33,",,
X2,,,",,,,,,,,,,,,,,,,,,,",,
"$43,498",,,",,,,,,,,,,,,,,,,,,,",,
6/28/2024,05:44,,",,,,,,,,,,,,,,,,,,,",,
AM,,,",,,,,,,,,,,,,,,,,,,",,
3459521,5,9,"18,22,25,27,33,34,37,42,46,48,51,56,66,70,71,73,74,80,,",,
80,,,",,,,,,,,,,,,,,,,,,,",,
X2,,,",,,,,,,,,,,,,,,,,,,",,
"$43,496",,,",,,,,,,,,,,,,,,,,,,",,
6/28/2024,05:40,,",,,,,,,,,,,,,,,,,,,",,
AM,,,",,,,,,,,,,,,,,,,,,,",,
3459520,5,8,"13,16,18,27,28,30,36,39,44,47,48,55,56,59,62,69,76,77,,",,
48,,,",,,,,,,,,,,,,,,,,,,",,
X2,,,",,,,,,,,,,,,,,,,,,,",,
"$43,492",,,",,,,,,,,,,,,,,,,,,,",,
6/28/2024,05:36,,",,,,,,,,,,,,,,,,,,,",,
AM,,,",,,,,,,,,,,,,,,,,,,",,
3459519,1,10,"15,18,21,22,26,32,33,36,37,41,44,46,56,64,66,67,73,76,,",,
41,,,",,,,,,,,,,,,,,,,,,,",,
X1,,,",,,,,,,,,,,,,,,,,,,",,
"$43,490",,,",,,,,,,,,,,,,,,,,,,",,
,,,",,,,,,,,,,,,,,,,,,,",,
Date,,,",,,,,,,,,,,,,,,,,,,",,
Time,,,",,,,,,,,,,,,,,,,,,,",,
Draw,,,",,,,,,,,,,,,,,,,,,,",,
Winning,Numbers,,",,,,,,,,,,,,,,,,,,,",,
BullsEye,Multiplier,Bonus8,",,,,,,,,,,,,,,,,,,,",,
6/28/2024,05:32,,",,,,,,,,,,,,,,,,,,,",,
AM,,,",,,,,,,,,,,,,,,,,,,",,
3459518,1,9,"21,24,27,28,34,42,45,50,54,57,61,65,67,68,69,72,74,76,,",,
21,,,",,,,,,,,,,,,,,,,,,,",,
X1,,,",,,,,,,,,,,,,,,,,,,",,
"$43,487",,,",,,,,,,,,,,,,,,,,,,",,
6/28/2024,05:28,,",,,,,,,,,,,,,,,,,,,",,
AM,,,",,,,,,,,,,,,,,,,,,,",,
3459517,1,4,"7,13,15,22,26,31,33,46,50,51,53,54,55,56,60,63,72,79,,",,
4,,,",,,,,,,,,,,,,,,,,,,",,
X2,,,",,,,,,,,,,,,,,,,,,,",,
"$43,484",,,",,,,,,,,,,,,,,,,,,,",,
6/28/2024,05:24,,",,,,,,,,,,,,,,,,,,,",,
AM,,,",,,,,,,,,,,,,,,,,,,",,
3459516,5,6,"11,12,13,24,40,42,43,46,54,55,56,62,64,65,71,72,76,80,,",,
5,,,",,,,,,,,,,,,,,,,,,,",,
X2,,,",,,,,,,,,,,,,,,,,,,",,
"$43,481",,,",,,,,,,,,,,,,,,,,,,",,
6/28/2024,05:20,,",,,,,,,,,,,,,,,,,,,",,
AM,,,",,,,,,,,,,,,,,,,,,,",,
3459515,4,5,"10,11,23,32,36,39,41,42,43,46,61,64,66,73,74,75,77,79,,",,
77,,,",,,,,,,,,,,,,,,,,,,",,
X1,,,",,,,,,,,,,,,,,,,,,,",,
"$43,478",,,",,,,,,,,,,,,,,,,,,,",,
6/28/2024,05:16,,",,,,,,,,,,,,,,,,,,,",,
AM,,,",,,,,,,,,,,,,,,,,,,",,
3459514,1,6,"11,14,17,18,21,22,23,25,30,33,43,51,52,53,54,73,75,78,,",,
22,,,",,,,,,,,,,,,,,,,,,,",,
X1,,,",,,,,,,,,,,,,,,,,,,",,
"$43,475",,,",,,,,,,,,,,,,,,,,,,",,
6/28/2024,05:12,,",,,,,,,,,,,,,,,,,,,",,
AM,,,",,,,,,,,,,,,,,,,,,,",,
3459513,3,11,"23,25,26,27,29,30,34,47,50,52,53,56,58,60,61,63,65,71,,",,
29,,,",,,,,,,,,,,,,,,,,,,",,
X3,,,",,,,,,,,,,,,,,,,,,,",,
"$43,473",,,",,,,,,,,,,,,,,,,,,,",,
6/28/2024,05:08,,",,,,,,,,,,,,,,,,,,,",,
AM,,,",,,,,,,,,,,,,,,,,,,",,
3459512,2,4,"6,18,19,30,37,38,50,58,59,60,63,66,67,68,70,72,73,77,,",,
68,,,",,,,,,,,,,,,,,,,,,,",,
X10,,,",,,,,,,,,,,,,,,,,,,",,
"$43,470",,,",,,,,,,,,,,,,,,,,,,",,
6/28/2024,05:04,,",,,,,,,,,,,,,,,,,,,",,
AM,,,",,,,,,,,,,,,,,,,,,,",,
3459511,1,3,"6,15,19,21,23,30,35,36,43,45,46,50,59,65,71,74,76,78,,",,
65,,,",,,,,,,,,,,,,,,,,,,",,
X1,,,",,,,,,,,,,,,,,,,,,,",,
"$43,468",,,",,,,,,,,,,,,,,,,,,,",,
6/28/2024,03:56,,",,,,,,,,,,,,,,,,,,,",,
AM,,,",,,,,,,,,,,,,,,,,,,",,
3459510,10,12,"15,16,20,22,26,29,33,34,38,42,43,49,52,54,61,62,67,69,61,",,
X1,,,",,,,,,,,,,,,,,,,,,,",,
"$43,467",,,",,,,,,,,,,,,,,,,,,,",,
6/28/2024,03:52,,",,,,,,,,,,,,,,,,,,,",,
AM,,,",,,,,,,,,,,,,,,,,,,",,
3459509,4,6,"24,27,32,33,38,40,41,51,52,56,57,60,63,69,75,76,79,80,,",,
27,,,",,,,,,,,,,,,,,,,,,,",,
X5,,,",,,,,,,,,,,,,,,,,,,",,
"$43,465",,,",,,,,,,,,,,,,,,,,,,",,
6/28/2024,03:48,,",,,,,,,,,,,,,,,,,,,",,
AM,,,",,,,,,,,,,,,,,,,,,,",,
3459508,6,9,"13,18,24,25,33,39,41,42,43,47,50,51,56,58,60,65,69,78,,",,
56,,,",,,,,,,,,,,,,,,,,,,",,
X3,,,",,,,,,,,,,,,,,,,,,,",,
"$43,464",,,",,,,,,,,,,,,,,,,,,,",,
6/28/2024,03:44,,",,,,,,,,,,,,,,,,,,,",,
AM,,,",,,,,,,,,,,,,,,,,,,",,
3459507,3,6,"10,16,20,26,43,45,46,47,48,49,53,54,57,69,71,74,79,80,,",,
53,,,",,,,,,,,,,,,,,,,,,,",,
X1,,,",,,,,,,,,,,,,,,,,,,",,
"$43,463",,,",,,,,,,,,,,,,,,,,,,",,
6/28/2024,03:40,,",,,,,,,,,,,,,,,,,,,",,
AM,,,",,,,,,,,,,,,,,,,,,,",,
3459506,1,8,"11,14,18,25,31,40,46,50,53,59,60,63,64,65,72,76,78,80,,",,
72,,,",,,,,,,,,,,,,,,,,,,",,
X5,,,",,,,,,,,,,,,,,,,,,,",,
"$43,461",,,",,,,,,,,,,,,,,,,,,,",,
6/28/2024,03:36,,",,,,,,,,,,,,,,,,,,,",,
AM,,,",,,,,,,,,,,,,,,,,,,",,
3459505,2,9,"15,16,21,23,27,29,30,31,36,40,50,56,57,58,63,64,67,69,,",,
31,,,",,,,,,,,,,,,,,,,,,,",,
X1,,,",,,,,,,,,,,,,,,,,,,",,
"$43,460",,,",,,,,,,,,,,,,,,,,,,",,
6/28/2024,03:32,,",,,,,,,,,,,,,,,,,,,",,
AM,,,",,,,,,,,,,,,,,,,,,,",,
3459504,2,10,"11,16,17,19,24,30,31,32,46,48,56,59,64,67,69,70,74,80,,",,
32,,,",,,,,,,,,,,,,,,,,,,",,
X1,,,",,,,,,,,,,,,,,,,,,,",,
"$43,459",,,",,,,,,,,,,,,,,,,,,,",,
6/28/2024,03:28,,",,,,,,,,,,,,,,,,,,,",,
AM,,,",,,,,,,,,,,,,,,,,,,",,
3459503,7,9,"17,19,20,21,22,26,29,30,34,36,37,46,64,65,67,68,71,80,,",,
46,,,",,,,,,,,,,,,,,,,,,,",,
X1,,,",,,,,,,,,,,,,,,,,,,",,
"$43,457",,,",,,,,,,,,,,,,,,,,,,",,
6/28/2024,03:24,,",,,,,,,,,,,,,,,,,,,",,
AM,,,",,,,,,,,,,,,,,,,,,,",,
3459502,3,8,"9,18,30,33,35,41,43,47,48,49,50,52,55,58,61,63,66,75,,",,
8,,,",,,,,,,,,,,,,,,,,,,",,
X1,,,",,,,,,,,,,,,,,,,,,,",,
"$43,455",,,",,,,,,,,,,,,,,,,,,,",,
6/28/2024,03:20,,",,,,,,,,,,,,,,,,,,,",,
AM,,,",,,,,,,,,,,,,,,,,,,",,
3459501,8,15,"24,29,34,36,37,39,40,45,46,50,52,54,61,66,70,72,73,76,,",,
76,,,",,,,,,,,,,,,,,,,,,,",,
X1,,,",,,,,,,,,,,,,,,,,,,",,
"$43,453",,,",,,,,,,,,,,,,,,,,,,",,
6/28/2024,03:16,,",,,,,,,,,,,,,,,,,,,",,
AM,,,",,,,,,,,,,,,,,,,,,,",,
3459500,8,11,"16,21,24,27,30,31,39,42,43,51,62,64,65,68,70,75,76,78,,",,
78,,,",,,,,,,,,,,,,,,,,,,",,
X5,,,",,,,,,,,,,,,,,,,,,,",,
"$43,452",,,",,,,,,,,,,,,,,,,,,,",,
6/28/2024,03:12,,",,,,,,,,,,,,,,,,,,,",,
AM,,,",,,,,,,,,,,,,,,,,,,",,
3459499,6,8,"10,14,18,19,26,33,38,46,47,54,57,59,68,71,72,75,76,77,,",,
38,,,",,,,,,,,,,,,,,,,,,,",,
X1,,,",,,,,,,,,,,,,,,,,,,",,
"$43,450",,,",,,,,,,,,,,,,,,,,,,",,
6/28/2024,03:08,,",,,,,,,,,,,,,,,,,,,",,
AM,,,",,,,,,,,,,,,,,,,,,,",,
3459498,4,11,"12,16,21,22,26,33,34,38,40,42,48,53,57,65,66,67,76,77,,",,
67,,,",,,,,,,,,,,,,,,,,,,",,
X2,,,",,,,,,,,,,,,,,,,,,,",,
"$43,447",,,",,,,,,,,,,,,,,,,,,,",,
6/28/2024,03:04,,",,,,,,,,,,,,,,,,,,,",,
AM,,,",,,,,,,,,,,,,,,,,,,",,
3459497,7,9,"12,13,20,22,25,30,33,37,39,41,49,56,62,64,65,69,72,80,,",,
39,,,",,,,,,,,,,,,,,,,,,,",,
X1,,,",,,,,,,,,,,,,,,,,,,",,
"$43,445",,,",,,,,,,,,,,,,,,,,,,",,
6/28/2024,03:00,,",,,,,,,,,,,,,,,,,,,",,
AM,,,",,,,,,,,,,,,,,,,,,,",,
3459496,1,4,"5,6,10,14,16,18,21,33,38,43,44,48,52,53,69,70,72,79,,",,
44,,,",,,,,,,,,,,,,,,,,,,",,
X1,,,",,,,,,,,,,,,,,,,,,,",,
"$43,442",,,",,,,,,,,,,,,,,,,,,,",,
6/28/2024,02:56,,",,,,,,,,,,,,,,,,,,,",,
AM,,,",,,,,,,,,,,,,,,,,,,",,
3459495,4,8,"12,20,21,22,23,24,28,42,45,46,53,57,62,64,68,70,75,77,,",,
46,,,",,,,,,,,,,,,,,,,,,,",,
X1,,,",,,,,,,,,,,,,,,,,,,",,
"$43,440",,,",,,,,,,,,,,,,,,,,,,",,
6/28/2024,02:52,,",,,,,,,,,,,,,,,,,,,",,
AM,,,",,,,,,,,,,,,,,,,,,,",,
3459494,2,5,"10,11,16,19,25,26,28,36,41,43,45,47,52,54,67,70,77,78,,",,
43,,,",,,,,,,,,,,,,,,,,,,",,
X1,,,",,,,,,,,,,,,,,,,,,,",,
"$43,437",,,",,,,,,,,,,,,,,,,,,,",,
6/28/2024,02:48,,",,,,,,,,,,,,,,,,,,,",,
AM,,,",,,,,,,,,,,,,,,,,,,",,
3459493,1,4,"9,15,19,20,26,33,37,38,44,46,50,58,61,64,69,70,72,79,,",,
1,,,",,,,,,,,,,,,,,,,,,,",,
X1,,,",,,,,,,,,,,,,,,,,,,",,
"$43,435",,,",,,,,,,,,,,,,,,,,,,",,
6/28/2024,02:44,,",,,,,,,,,,,,,,,,,,,",,
AM,,,",,,,,,,,,,,,,,,,,,,",,
3459492,1,2,"7,14,15,21,23,30,38,39,41,46,47,51,54,58,63,65,67,69,,",,
58,,,",,,,,,,,,,,,,,,,,,,",,
X3,,,",,,,,,,,,,,,,,,,,,,",,
"$43,432",,,",,,,,,,,,,,,,,,,,,,",,
,,,",,,,,,,,,,,,,,,,,,,",,
Date,,,",,,,,,,,,,,,,,,,,,,",,
Time,,,",,,,,,,,,,,,,,,,,,,",,
Draw,,,",,,,,,,,,,,,,,,,,,,",,
Winning,Numbers,,",,,,,,,,,,,,,,,,,,,",,
BullsEye,Multiplier,Bonus8,",,,,,,,,,,,,,,,,,,,",,
6/28/2024,02:40,,",,,,,,,,,,,,,,,,,,,",,
AM,,,",,,,,,,,,,,,,,,,,,,",,
3459491,6,13,"14,23,24,36,40,41,44,49,53,54,56,59,61,69,71,72,75,76,,",,
72,,,",,,,,,,,,,,,,,,,,,,",,
X5,,,",,,,,,,,,,,,,,,,,,,",,
"$43,429",,,",,,,,,,,,,,,,,,,,,,",,
6/28/2024,02:36,,",,,,,,,,,,,,,,,,,,,",,
AM,,,",,,,,,,,,,,,,,,,,,,",,
3459490,3,5,"11,14,15,16,20,22,34,38,41,42,48,49,50,55,56,61,63,70,,",,
42,,,",,,,,,,,,,,,,,,,,,,",,
X1,,,",,,,,,,,,,,,,,,,,,,",,
"$43,426",,,",,,,,,,,,,,,,,,,,,,",,
6/28/2024,02:32,,",,,,,,,,,,,,,,,,,,,",,
AM,,,",,,,,,,,,,,,,,,,,,,",,
3459489,4,11,"14,15,16,20,22,24,28,37,38,40,41,42,51,59,71,74,76,79,,",,
37,,,",,,,,,,,,,,,,,,,,,,",,
X1,,,",,,,,,,,,,,,,,,,,,,",,
"$43,421",,,",,,,,,,,,,,,,,,,,,,",,
6/28/2024,02:28,,",,,,,,,,,,,,,,,,,,,",,
AM,,,",,,,,,,,,,,,,,,,,,,",,
3459488,1,3,"12,15,16,17,22,26,30,31,37,44,45,47,49,51,70,71,76,77,,",,
71,,,",,,,,,,,,,,,,,,,,,,",,
X1,,,",,,,,,,,,,,,,,,,,,,",,
"$43,418",,,",,,,,,,,,,,,,,,,,,,",,
6/28/2024,02:24,,",,,,,,,,,,,,,,,,,,,",,
AM,,,",,,,,,,,,,,,,,,,,,,",,
3459487,3,6,"12,19,22,24,26,27,29,31,37,44,48,50,51,58,60,64,66,68,,",,
3,,,",,,,,,,,,,,,,,,,,,,",,
X2,,,",,,,,,,,,,,,,,,,,,,",,
"$43,415",,,",,,,,,,,,,,,,,,,,,,",,
6/28/2024,02:20,,",,,,,,,,,,,,,,,,,,,",,
AM,,,",,,,,,,,,,,,,,,,,,,",,
3459486,1,5,"10,13,15,25,32,33,34,35,36,44,46,50,57,58,62,64,75,78,,",,
64,,,",,,,,,,,,,,,,,,,,,,",,
X5,,,",,,,,,,,,,,,,,,,,,,",,
"$43,411",,,",,,,,,,,,,,,,,,,,,,",,
6/28/2024,02:16,,",,,,,,,,,,,,,,,,,,,",,
AM,,,",,,,,,,,,,,,,,,,,,,",,
3459485,1,2,"4,6,9,18,22,29,34,35,37,38,39,43,45,49,57,62,73,74,,",,
35,,,",,,,,,,,,,,,,,,,,,,",,
X3,,,",,,,,,,,,,,,,,,,,,,",,
"$43,408",,,",,,,,,,,,,,,,,,,,,,",,
6/28/2024,02:12,,",,,,,,,,,,,,,,,,,,,",,
AM,,,",,,,,,,,,,,,,,,,,,,",,
3459484,12,13,"22,23,25,27,31,34,37,38,43,45,46,52,56,66,71,72,75,78,52,",,
X1,,,",,,,,,,,,,,,,,,,,,,",,
"$43,404",,,",,,,,,,,,,,,,,,,,,,",,
6/28/2024,02:08,,",,,,,,,,,,,,,,,,,,,",,
AM,,,",,,,,,,,,,,,,,,,,,,",,
3459483,5,9,"19,21,23,24,29,32,36,37,43,45,46,58,60,61,63,66,71,74,,",,
71,,,",,,,,,,,,,,,,,,,,,,",,
X1,,,",,,,,,,,,,,,,,,,,,,",,
"$43,400",,,",,,,,,,,,,,,,,,,,,,",,
6/28/2024,02:04,,",,,,,,,,,,,,,,,,,,,",,
AM,,,",,,,,,,,,,,,,,,,,,,",,
3459482,2,3,"4,7,13,16,17,22,29,41,44,51,52,60,72,74,75,76,78,80,,",,
7,,,",,,,,,,,,,,,,,,,,,,",,
X1,,,",,,,,,,,,,,,,,,,,,,",,
"$43,397",,,",,,,,,,,,,,,,,,,,,,",,
6/28/2024,02:00,,",,,,,,,,,,,,,,,,,,,",,
AM,,,",,,,,,,,,,,,,,,,,,,",,
3459481,3,9,"11,13,15,19,27,28,32,33,34,45,55,56,58,60,61,67,68,76,,",,
68,,,",,,,,,,,,,,,,,,,,,,",,
X2,,,",,,,,,,,,,,,,,,,,,,",,
"$43,393",,,",,,,,,,,,,,,,,,,,,,",,
6/28/2024,01:56,,",,,,,,,,,,,,,,,,,,,",,
AM,,,",,,,,,,,,,,,,,,,,,,",,
3459480,2,7,"9,13,14,20,28,36,40,44,46,50,51,52,56,63,64,66,69,77,,",,
13,,,",,,,,,,,,,,,,,,,,,,",,
X1,,,",,,,,,,,,,,,,,,,,,,",,
"$43,388",,,",,,,,,,,,,,,,,,,,,,",,
6/28/2024,01:52,,",,,,,,,,,,,,,,,,,,,",,
AM,,,",,,,,,,,,,,,,,,,,,,",,
3459479,7,8,"16,25,26,31,32,33,39,41,42,46,49,58,61,62,65,66,74,77,,",,
74,,,",,,,,,,,,,,,,,,,,,,",,
X1,,,",,,,,,,,,,,,,,,,,,,",,
"$43,384",,,",,,,,,,,,,,,,,,,,,,",,
6/28/2024,01:48,,",,,,,,,,,,,,,,,,,,,",,
AM,,,",,,,,,,,,,,,,,,,,,,",,
3459478,4,10,"12,13,14,18,19,24,29,31,32,34,52,55,58,60,64,70,77,80,,",,
12,,,",,,,,,,,,,,,,,,,,,,",,
X1,,,",,,,,,,,,,,,,,,,,,,",,
"$43,380",,,",,,,,,,,,,,,,,,,,,,",,
6/28/2024,01:44,,",,,,,,,,,,,,,,,,,,,",,
AM,,,",,,,,,,,,,,,,,,,,,,",,
3459477,1,5,"7,8,16,19,24,27,34,37,40,44,50,51,58,67,70,72,74,78,,",,
19,,,",,,,,,,,,,,,,,,,,,,",,
X1,,,",,,,,,,,,,,,,,,,,,,",,
"$43,376",,,",,,,,,,,,,,,,,,,,,,",,
6/28/2024,01:40,,",,,,,,,,,,,,,,,,,,,",,
AM,,,",,,,,,,,,,,,,,,,,,,",,
3459476,6,7,"15,16,21,23,25,28,30,31,32,37,46,49,50,51,53,63,73,75,,",,
23,,,",,,,,,,,,,,,,,,,,,,",,
X1,,,",,,,,,,,,,,,,,,,,,,",,
"$43,371",,,",,,,,,,,,,,,,,,,,,,",,
6/28/2024,01:36,,",,,,,,,,,,,,,,,,,,,",,
AM,,,",,,,,,,,,,,,,,,,,,,",,
3459475,9,11,"16,17,22,26,30,32,33,34,35,41,43,44,52,56,65,76,79,80,,",,
34,,,",,,,,,,,,,,,,,,,,,,",,
X1,,,",,,,,,,,,,,,,,,,,,,",,
"$43,367",,,",,,,,,,,,,,,,,,,,,,",,
6/28/2024,01:32,,",,,,,,,,,,,,,,,,,,,",,
AM,,,",,,,,,,,,,,,,,,,,,,",,
3459474,3,6,"8,17,22,23,24,27,29,41,42,45,48,49,54,55,62,69,74,76,,",,
49,,,",,,,,,,,,,,,,,,,,,,",,
X3,,,",,,,,,,,,,,,,,,,,,,",,
"$43,363",,,",,,,,,,,,,,,,,,,,,,",,
6/28/2024,01:28,,",,,,,,,,,,,,,,,,,,,",,
AM,,,",,,,,,,,,,,,,,,,,,,",,
3459473,3,9,"12,16,20,22,26,27,29,31,37,46,48,62,69,70,72,73,76,79,,",,
37,,,",,,,,,,,,,,,,,,,,,,",,
X1,,,",,,,,,,,,,,,,,,,,,,",,
"$43,360",,,",,,,,,,,,,,,,,,,,,,",,
6/28/2024,01:24,,",,,,,,,,,,,,,,,,,,,",,
AM,,,",,,,,,,,,,,,,,,,,,,",,
3459472,6,10,"12,16,20,27,28,34,35,36,39,42,48,50,55,62,63,68,72,74,,",,
16,,,",,,,,,,,,,,,,,,,,,,",,
X2,,,",,,,,,,,,,,,,,,,,,,",,
"$43,356",,,",,,,,,,,,,,,,,,,,,,",,
6/28/2024,01:20,,",,,,,,,,,,,,,,,,,,,",,
AM,,,",,,,,,,,,,,,,,,,,,,",,
3459471,2,7,"9,11,19,30,36,47,49,57,59,60,61,64,65,66,69,76,79,80,,",,
19,,,",,,,,,,,,,,,,,,,,,,",,
X1,,,",,,,,,,,,,,,,,,,,,,",,
"$43,352",,,",,,,,,,,,,,,,,,,,,,",,
6/28/2024,01:16,,",,,,,,,,,,,,,,,,,,,",,
AM,,,",,,,,,,,,,,,,,,,,,,",,
3459470,7,8,"10,21,34,35,36,37,39,41,46,49,52,56,57,62,63,64,73,74,,",,
36,,,",,,,,,,,,,,,,,,,,,,",,
X3,,,",,,,,,,,,,,,,,,,,,,",,
"$43,348",,,",,,,,,,,,,,,,,,,,,,",,
6/28/2024,01:12,,",,,,,,,,,,,,,,,,,,,",,
AM,,,",,,,,,,,,,,,,,,,,,,",,
3459469,1,4,"14,23,26,34,35,36,39,43,48,50,55,58,59,64,67,69,73,74,,",,
55,,,",,,,,,,,,,,,,,,,,,,",,
X2,,,",,,,,,,,,,,,,,,,,,,",,
"$43,343",,,",,,,,,,,,,,,,,,,,,,",,
6/28/2024,01:08,,",,,,,,,,,,,,,,,,,,,",,
AM,,,",,,,,,,,,,,,,,,,,,,",,
3459468,4,5,"6,7,9,15,16,18,28,37,50,53,56,59,60,62,65,66,67,68,,",,
37,,,",,,,,,,,,,,,,,,,,,,",,
X1,,,",,,,,,,,,,,,,,,,,,,",,
"$43,337",,,",,,,,,,,,,,,,,,,,,,",,
6/28/2024,01:04,,",,,,,,,,,,,,,,,,,,,",,
AM,,,",,,,,,,,,,,,,,,,,,,",,
3459467,2,15,"19,20,23,25,34,37,40,42,44,49,50,53,56,62,64,68,77,79,,",,
2,,,",,,,,,,,,,,,,,,,,,,",,
X1,,,",,,,,,,,,,,,,,,,,,,",,
"$43,332",,,",,,,,,,,,,,,,,,,,,,",,
6/28/2024,01:00,,",,,,,,,,,,,,,,,,,,,",,
AM,,,",,,,,,,,,,,,,,,,,,,",,
3459466,8,11,"14,15,26,28,29,31,32,36,40,58,62,64,68,69,73,75,76,78,,",,
62,,,",,,,,,,,,,,,,,,,,,,",,
X1,,,",,,,,,,,,,,,,,,,,,,",,
"$43,326",,,",,,,,,,,,,,,,,,,,,,",,
6/28/2024,12:56,,",,,,,,,,,,,,,,,,,,,",,
AM,,,",,,,,,,,,,,,,,,,,,,",,
3459465,2,4,"5,7,10,13,18,27,29,32,37,44,45,46,47,50,67,70,73,80,,",,
44,,,",,,,,,,,,,,,,,,,,,,",,
X3,,,",,,,,,,,,,,,,,,,,,,",,
"$43,321",,,",,,,,,,,,,,,,,,,,,,",,
,,,",,,,,,,,,,,,,,,,,,,",,
Date,,,",,,,,,,,,,,,,,,,,,,",,
Time,,,",,,,,,,,,,,,,,,,,,,",,
Draw,,,",,,,,,,,,,,,,,,,,,,",,
Winning,Numbers,,",,,,,,,,,,,,,,,,,,,",,
BullsEye,Multiplier,Bonus8,",,,,,,,,,,,,,,,,,,,",,
6/28/2024,12:52,,",,,,,,,,,,,,,,,,,,,",,
AM,,,",,,,,,,,,,,,,,,,,,,",,
3459464,2,3,"11,14,17,20,27,34,38,42,46,48,52,55,60,73,74,75,77,78,,",,
17,,,",,,,,,,,,,,,,,,,,,,",,
X10,,,",,,,,,,,,,,,,,,,,,,",,
"$43,315",,,",,,,,,,,,,,,,,,,,,,",,
6/28/2024,12:48,,",,,,,,,,,,,,,,,,,,,",,
AM,,,",,,,,,,,,,,,,,,,,,,",,
3459463,3,9,"11,18,19,25,29,34,35,40,42,53,65,66,67,70,76,77,79,80,,",,
70,,,",,,,,,,,,,,,,,,,,,,",,
X1,,,",,,,,,,,,,,,,,,,,,,",,
"$43,310",,,",,,,,,,,,,,,,,,,,,,",,
6/28/2024,12:44,,",,,,,,,,,,,,,,,,,,,",,
AM,,,",,,,,,,,,,,,,,,,,,,",,
3459462,1,3,"5,9,11,20,23,27,30,32,35,36,38,42,46,49,60,62,63,65,,",,
27,,,",,,,,,,,,,,,,,,,,,,",,
X1,,,",,,,,,,,,,,,,,,,,,,",,
"$43,304",,,",,,,,,,,,,,,,,,,,,,",,
6/28/2024,12:40,,",,,,,,,,,,,,,,,,,,,",,
AM,,,",,,,,,,,,,,,,,,,,,,",,
3459461,1,4,"7,8,13,15,17,19,20,27,33,37,46,52,55,59,60,63,68,77,,",,
1,,,",,,,,,,,,,,,,,,,,,,",,
X2,,,",,,,,,,,,,,,,,,,,,,",,
"$43,298",,,",,,,,,,,,,,,,,,,,,,",,
6/28/2024,12:36,,",,,,,,,,,,,,,,,,,,,",,
AM,,,",,,,,,,,,,,,,,,,,,,",,
3459460,4,10,"12,14,16,20,27,28,34,42,47,49,53,59,61,71,72,74,79,80,,",,
27,,,",,,,,,,,,,,,,,,,,,,",,
X2,,,",,,,,,,,,,,,,,,,,,,",,
"$43,292",,,",,,,,,,,,,,,,,,,,,,",,
6/28/2024,12:32,,",,,,,,,,,,,,,,,,,,,",,
AM,,,",,,,,,,,,,,,,,,,,,,",,
3459459,16,18,"23,30,31,35,38,47,53,56,58,61,62,64,65,67,68,74,76,77,58,",,
X2,,,",,,,,,,,,,,,,,,,,,,",,
"$43,285",,,",,,,,,,,,,,,,,,,,,,",,
6/28/2024,12:28,,",,,,,,,,,,,,,,,,,,,",,
AM,,,",,,,,,,,,,,,,,,,,,,",,
3459458,7,12,"16,21,25,30,31,34,41,43,44,45,48,49,60,61,63,68,69,79,,",,
21,,,",,,,,,,,,,,,,,,,,,,",,
X1,,,",,,,,,,,,,,,,,,,,,,",,
"$43,279",,,",,,,,,,,,,,,,,,,,,,",,
6/28/2024,12:24,,",,,,,,,,,,,,,,,,,,,",,
AM,,,",,,,,,,,,,,,,,,,,,,",,
3459457,7,17,"19,21,22,23,25,28,37,39,41,43,50,53,54,55,60,61,74,79,,",,
50,,,",,,,,,,,,,,,,,,,,,,",,
X2,,,",,,,,,,,,,,,,,,,,,,",,
"$43,271",,,",,,,,,,,,,,,,,,,,,,",,
6/28/2024,12:20,,",,,,,,,,,,,,,,,,,,,",,
AM,,,",,,,,,,,,,,,,,,,,,,",,
3459456,1,2,"3,5,6,8,9,10,23,26,33,49,53,58,61,62,65,67,68,70,,",,
62,,,",,,,,,,,,,,,,,,,,,,",,
X3,,,",,,,,,,,,,,,,,,,,,,",,
"$43,264",,,",,,,,,,,,,,,,,,,,,,",,
6/28/2024,12:16,,",,,,,,,,,,,,,,,,,,,",,
AM,,,",,,,,,,,,,,,,,,,,,,",,
3459455,3,9,"12,13,15,26,30,33,44,49,51,52,53,54,58,64,71,72,73,78,,",,
44,,,",,,,,,,,,,,,,,,,,,,",,
X1,,,",,,,,,,,,,,,,,,,,,,",,
"$43,256",,,",,,,,,,,,,,,,,,,,,,",,
6/28/2024,12:12,,",,,,,,,,,,,,,,,,,,,",,
AM,,,",,,,,,,,,,,,,,,,,,,",,
3459454,6,10,"15,18,20,25,28,32,40,44,45,52,56,57,61,65,70,76,78,79,,",,
57,,,",,,,,,,,,,,,,,,,,,,",,
X1,,,",,,,,,,,,,,,,,,,,,,",,
"$43,248",,,",,,,,,,,,,,,,,,,,,,",,
6/28/2024,12:08,,",,,,,,,,,,,,,,,,,,,",,
AM,,,",,,,,,,,,,,,,,,,,,,",,
3459453,8,12,"13,16,18,29,30,31,33,35,37,40,51,56,57,59,68,69,72,73,,",,
12,,,",,,,,,,,,,,,,,,,,,,",,
X1,,,",,,,,,,,,,,,,,,,,,,",,
"$43,240",,,",,,,,,,,,,,,,,,,,,,",,
6/28/2024,12:04,,",,,,,,,,,,,,,,,,,,,",,
AM,,,",,,,,,,,,,,,,,,,,,,",,
3459452,4,5,"7,9,12,13,15,24,25,36,42,44,46,48,54,60,68,76,78,80,,",,
15,,,",,,,,,,,,,,,,,,,,,,",,
X5,,,",,,,,,,,,,,,,,,,,,,",,
"$43,232",,,",,,,,,,,,,,,,,,,,,,",,
6/28/2024,12:00,,",,,,,,,,,,,,,,,,,,,",,
AM,,,",,,,,,,,,,,,,,,,,,,",,
3459451,5,6,"11,12,15,17,18,19,23,24,27,28,32,42,44,51,52,58,64,65,,",,
5,,,",,,,,,,,,,,,,,,,,,,",,
X2,,,",,,,,,,,,,,,,,,,,,,",,
"$43,223",,,",,,,,,,,,,,,,,,,,,,",,
,,,",,,,,,,,,,,,,,,,,,,",,
